Kind,Name,CountLineCode
File,"Art.h",5
Class,"CocktailProController",143
File,"CocktailProController.cpp",120
File,"CocktailProController.h",27
Public Function,"CocktailProController::CocktailProController",7
Public Function,"CocktailProController::CocktailProController",7
Public Function,"CocktailProController::attachAll",7
Public Function,"CocktailProController::detachAll",7
Public Function,"CocktailProController::getSimulation",3
Private Function,"CocktailProController::init",35
Public Function,"CocktailProController::mischbareRezepteToString",8
Public Function,"CocktailProController::mischeRezept",46
Class,"Dosierstation",71
File,"Dosierstation.cpp",36
File,"Dosierstation.h",36
Public Function,"Dosierstation::Dosierstation",8
Public Function,"Dosierstation::Dosierstation",7
Public Function,"Dosierstation::fuelleAb",10
Public Function,"Dosierstation::getArt",15
Public Function,"Dosierstation::getName",3
Public Function,"Dosierstation::setSimulation",3
Public Function,"Dosierstation::setWaage",3
Public Virtual Function,"Dosierstation::update",3
Public Virtual Function,"Dosierstation::~Dosierstation",2
Class,"Entleerer",43
File,"Entleerer.cpp",28
File,"Entleerer.h",15
Public Function,"Entleerer::Entleerer",6
Public Function,"Entleerer::entleereBecher",7
Public Function,"Entleerer::getSimulation",3
Public Function,"Entleerer::initSimulation",4
Public Function,"Entleerer::setWaage",3
Public Virtual Function,"Entleerer::update",3
Public Virtual Function,"Entleerer::~Entleerer",2
Class,"MischbaresRezeptbuch",90
File,"MischbaresRezeptbuch.cpp",74
File,"MischbaresRezeptbuch.h",17
Public Function,"MischbaresRezeptbuch::MischbaresRezeptbuch",6
Private Function,"MischbaresRezeptbuch::calculateMischbareRezepte",17
Public Virtual Function,"MischbaresRezeptbuch::deleteRezept",8
Public Virtual Function,"MischbaresRezeptbuch::getAnzahlRezepte",3
Public Virtual Function,"MischbaresRezeptbuch::getRezept",7
Public Function,"MischbaresRezeptbuch::getZutatenListe",3
Private Function,"MischbaresRezeptbuch::istZutatVorhanden",13
Private Function,"MischbaresRezeptbuch::readZutatenListe",20
Class,"Mischer",20
File,"Mischer.cpp",12
File,"Mischer.h",10
Public Function,"Mischer::Mischer",3
Public Function,"Mischer::Mischer",3
Public Function,"Mischer::mix",6
Abstract Class,"Observer",10
File,"Observer.cpp",4
File,"Observer.h",6
Public Function,"Observer::Observer",2
Public Virtual Function,"Observer::~Observer",2
Class,"Rezept",12
Class,"Rezeptbuch",9
File,"Rezeptbuch.h",33
Class,"RezeptbuchTest",34
File,"RezeptbuchTest.cpp",24
File,"RezeptbuchTest.h",11
Public Function,"RezeptbuchTest::RezeptbuchTest",7
Private Function,"RezeptbuchTest::testDifference",10
Private Function,"RezeptbuchTest::testRange",5
Public Virtual Function,"RezeptbuchTest::~RezeptbuchTest",2
Class,"Rezeptschritt",11
Function,"Simulation",4
File,"Simulation.cpp",27
File,"Simulation.h",11
Class,"Stampfer",20
File,"Stampfer.cpp",12
File,"Stampfer.h",10
Public Function,"Stampfer::Stampfer",3
Public Function,"Stampfer::Stampfer",3
Public Function,"Stampfer::stampfe",6
Class,"Subject",29
File,"Subject.cpp",19
File,"Subject.h",11
Public Function,"Subject::Subject",2
Public Function,"Subject::attach",3
Public Function,"Subject::detach",7
Public Function,"Subject::notify",5
Public Function,"Subject::~Subject",2
Class,"UserInterface",107
File,"UserInterface.cpp",89
File,"UserInterface.h",19
Public Function,"UserInterface::UserInterface",27
Public Function,"UserInterface::getCocktailProController",3
Public Function,"UserInterface::setWaage",3
Public Function,"UserInterface::showMenu",45
Public Function,"UserInterface::showString",4
Public Virtual Function,"UserInterface::update",9
Public Virtual Function,"UserInterface::~UserInterface",2
Class,"Waage",46
File,"Waage.cpp",31
File,"Waage.h",15
Public Function,"Waage::Waage",4
Public Function,"Waage::decrement",12
Public Const Function,"Waage::getAbsolutGewicht",3
Public Const Function,"Waage::getDeltaGewicht",3
Public Function,"Waage::increment",5
Public Function,"Waage::resetAbsolutGewicht",3
Public Function,"Waage::resetDeltaGewicht",4
Function,"__END_DECLS",0
Function,"gewichtErhoehen",16
Function,"gewichtReduzieren",4
Function,"main",4
File,"main.cpp",5
Function,"setWaage",3
